order_id,order_date,customer_id,product_id,quantity,unit_price,salesperson
O00001,3/14/2026,C0131,P011,1,1236.01,Felix
O00002,8/16/2025,C0157,P019,1,682.34,Cynthia
O00003,5/31/2025,C0009,P010,1,4505.84,David
O00004,8/2/2026,C0138,P006,2,1453.73,Cynthia
O00005,3/17/2026,C0114,P003,1,200.47,David
O00006,4/30/2026,C0155,P014,1,310.92,Gifty
O00007,2/10/2026,C0108,P001,2,95.13,Gifty
O00008,8/17/2026,C0058,P017,3,154.97,Gifty
O00009,6/12/2025,C0005,P003,1,202.23,Bernard
O00010,5/6/2026,C0063,P001,1,95.5,Esther
O00011,4/20/2025,C0026,P008,2,5828.85,Akua
O00012,2/20/2025,C0177,P013,5,187.53,Felix
O00013,6/12/2025,C0061,P007,3,2370.42,David
O00014,6/25/2026,C0081,P009,1,10054.54,Cynthia
O00015,2/3/2025,C0063,P009,1,10503.03,Henry
O00016,11/29/2025,C0137,P006,1,1521.11,Cynthia
O00017,10/7/2025,C0088,P014,2,345.14,David
O00018,10/24/2025,C0149,P017,2,151.86,Akua
O00019,5/14/2026,C0123,P017,5,139.38,Gifty
O00020,7/11/2026,C0088,P013,2,186.51,Bernard
O00021,7/4/2026,C0020,P017,5,144.71,David
O00022,3/26/2026,C0017,P018,2,494.79,Esther
O00023,5/19/2026,C0068,P007,1,2126.63,Henry
O00024,8/18/2026,C0117,P002,1,276.47,Gifty
O00025,5/14/2026,C0166,P013,1,180.82,Esther
O00026,9/19/2025,C0118,P015,1,419.17,Bernard
O00027,1/10/2026,C0164,P004,2,171.51,Bernard
O00028,12/19/2025,C0026,P001,1,101.23,David
O00029,3/8/2026,C0113,P001,2,93.4,Akua
O00030,5/1/2025,C0144,P014,3,317.79,Cynthia
O00031,8/7/2026,C0086,P011,1,1301.79,Felix
O00032,4/14/2025,C0161,P013,1,173.27,Felix
O00033,2/1/2026,C0110,P009,1,9869.2,Cynthia
O00034,9/14/2025,C0104,P005,1,236.59,Gifty
O00035,1/13/2025,C0117,P017,2,143.5,Bernard
O00036,10/2/2025,C0134,P008,2,6316.25,Akua
O00037,3/20/2026,C0176,P004,1,160.87,David
O00038,7/28/2026,C0064,P010,2,4831.06,Akua
O00039,11/29/2025,C0121,P012,1,2772.73,David
O00040,6/22/2026,C0139,P005,1,257.12,Esther
O00041,7/16/2026,C0125,P018,1,516.36,Felix
O00042,10/10/2025,C0100,P015,2,467.82,Bernard
O00043,6/14/2025,C0139,P001,1,92.09,Gifty
O00044,11/16/2025,C0058,P009,3,10107.27,Esther
O00045,2/19/2025,C0065,P013,5,191.81,Bernard
O00046,5/15/2026,C0030,P002,2,287.18,David
O00047,2/26/2026,C0040,P020,1,891.43,Esther
O00048,12/30/2025,C0080,P009,2,10230.46,Gifty
O00049,3/7/2026,C0100,P019,1,671.46,Bernard
O00050,7/18/2025,C0135,P001,2,101.71,Akua
O00051,11/4/2025,C0071,P015,2,452.25,Akua
O00052,5/26/2026,C0085,P013,1,171.33,Henry
O00053,9/19/2025,C0100,P010,1,4772.35,David
O00054,4/22/2026,C0051,P009,1,10312.49,David
O00055,3/30/2026,C0029,P007,1,2027.33,Henry
O00056,4/26/2025,C0044,P015,2,461.2,Gifty
O00057,8/26/2026,C0077,P019,1,696.3,Gifty
O00058,6/21/2025,C0108,P006,1,1385.63,Esther
O00059,1/7/2026,C0157,P006,1,1420.56,Esther
O00060,6/18/2025,C0163,P016,4,847.25,Bernard
O00061,7/3/2026,C0052,P013,1,173.58,Akua
O00062,5/10/2025,C0078,P005,1,255.85,Esther
O00063,2/27/2026,C0113,P009,4,10450.07,Henry
O00064,7/7/2026,C0016,P010,3,4732.39,Bernard
O00065,3/16/2025,C0005,P013,2,184.3,David
O00066,10/1/2025,C0172,P008,4,5761.75,Esther
O00067,4/9/2026,C0178,P011,2,1272.12,Esther
O00068,8/1/2026,C0080,P002,1,272.33,Bernard
O00069,9/14/2025,C0077,P014,1,300.35,Felix
O00070,1/8/2025,C0052,P007,2,2163.78,David
O00071,6/11/2025,C0110,P017,1,155.57,Cynthia
O00072,3/10/2026,C0179,P017,1,155.27,Gifty
O00073,6/12/2026,C0082,P019,3,686.23,Akua
O00074,7/13/2026,C0088,P014,4,319.78,Felix
O00075,3/8/2026,C0129,P007,2,2165.87,Cynthia
O00076,4/2/2026,C0081,P012,1,2586.39,Cynthia
O00077,1/27/2026,C0179,P016,1,912.93,Gifty
O00078,5/23/2026,C0160,P013,1,168.84,Henry
O00079,11/24/2025,C0098,P010,3,4468.67,Akua
O00080,5/12/2025,C0148,P016,4,817.6,David
O00081,7/25/2025,C0035,P014,2,313.78,Akua
O00082,12/21/2025,C0160,P005,1,232.41,Bernard
O00083,6/18/2026,C0108,P008,3,5888.36,David
O00084,11/8/2025,C0145,P014,2,324.36,David
O00085,2/17/2026,C0044,P018,2,493.78,Henry
O00086,6/2/2025,C0129,P014,2,316.02,Cynthia
O00087,12/11/2025,C0075,P008,2,6640.57,Cynthia
O00088,6/13/2026,C0139,P013,2,176.59,Cynthia
O00089,6/26/2026,C0058,P007,1,2302.65,David
O00090,5/3/2025,C0022,P014,3,318.86,Gifty
O00091,9/21/2025,C0017,P010,1,4792.62,David
O00092,11/3/2025,C0071,P006,2,1563.19,Cynthia
O00093,2/13/2026,C0033,P007,2,2091.28,Cynthia
O00094,5/2/2026,C0123,P020,1,878.94,Felix
O00095,7/13/2025,C0140,P004,1,153.24,Bernard
O00096,9/3/2025,C0104,P009,1,9406.13,Esther
O00097,5/9/2026,C0092,P011,2,1339.45,Esther
O00098,2/21/2025,C0099,P008,2,6443.09,David
O00099,10/25/2025,C0092,P015,1,485.83,Cynthia
O00100,9/8/2025,C0039,P007,1,2124.32,Felix
O00101,5/23/2026,C0120,P007,1,2127.44,Gifty
O00102,11/3/2025,C0125,P003,3,202.31,Henry
O00103,4/28/2026,C0074,P008,2,5948.83,Henry
O00104,12/16/2025,C0153,P010,1,4605.53,David
O00105,7/21/2025,C0060,P012,1,2580.08,Esther
O00106,6/3/2025,C0032,P010,3,5058.74,Felix
O00107,9/13/2025,C0050,P020,1,880.1,Gifty
O00108,5/26/2026,C0022,P012,1,2682.19,Akua
O00109,3/29/2026,C0049,P006,4,1433.08,Henry
O00110,2/2/2026,C0021,P010,1,4938,David
O00111,8/24/2026,C0169,P003,2,214.67,Gifty
O00112,10/21/2025,C0071,P012,2,2608.07,Henry
O00113,6/5/2025,C0100,P007,2,2065.01,Akua
O00114,5/23/2025,C0030,P018,4,561,Cynthia
O00115,6/15/2025,C0087,P008,1,6158.14,Felix
O00116,3/17/2025,C0017,P016,2,869.29,Gifty
O00117,6/28/2025,C0041,P001,1,93.1,Felix
O00118,11/5/2025,C0162,P018,3,530.88,Bernard
O00119,6/14/2026,C0155,P016,2,908.7,Bernard
O00120,8/1/2025,C0140,P002,4,263.93,Cynthia
O00121,8/27/2026,C0162,P006,1,1360.96,Cynthia
O00122,9/28/2025,C0114,P001,1,97.06,Felix
O00123,6/25/2026,C0170,P013,1,166.14,Felix
O00124,6/21/2026,C0164,P010,2,4868.73,Bernard
O00125,5/6/2026,C0116,P013,1,187.27,Felix
O00126,7/23/2025,C0153,P014,1,303.31,Cynthia
O00127,5/19/2026,C0125,P002,1,270.25,Esther
O00128,11/24/2025,C0036,P007,1,2327.61,Esther
O00129,5/25/2026,C0111,P003,4,225.14,Henry
O00130,5/31/2026,C0094,P006,1,1437.59,Esther
O00131,8/22/2025,C0068,P010,2,5067.97,Esther
O00132,12/18/2025,C0030,P007,2,2155.38,Henry
O00133,5/8/2025,C0142,P007,1,2148.42,Bernard
O00134,5/22/2026,C0023,P004,1,164.75,Bernard
O00135,1/19/2026,C0054,P002,1,257.72,Cynthia
O00136,5/1/2025,C0025,P016,1,872.98,Gifty
O00137,4/25/2026,C0024,P005,1,250.14,Henry
O00138,1/23/2026,C0155,P010,2,4646.79,Gifty
O00139,6/19/2025,C0123,P013,1,171.51,Akua
O00140,4/15/2025,C0167,P008,2,6424.87,Gifty
O00141,2/2/2026,C0159,P010,3,4693.05,David
O00142,8/21/2026,C0004,P001,1,93.21,Esther
O00143,3/29/2025,C0012,P018,1,480.33,Cynthia
O00144,10/15/2025,C0035,P005,1,237.82,Bernard
O00145,12/25/2025,C0061,P017,1,143.84,Henry
O00146,4/23/2026,C0038,P008,2,5869.92,Henry
O00147,7/14/2026,C0115,P003,1,194.37,Gifty
O00148,6/5/2026,C0143,P016,1,820.97,Cynthia
O00149,5/9/2025,C0158,P019,1,677.4,Cynthia
O00150,7/11/2026,C0145,P017,1,148.17,Felix
O00151,5/1/2026,C0005,P018,1,516.58,Felix
O00152,4/18/2025,C0118,P020,2,858.49,Esther
O00153,12/20/2025,C0024,P010,2,5065.21,Gifty
O00154,4/23/2025,C0119,P002,1,284.73,Esther
O00155,6/29/2025,C0097,P010,3,4844.44,Henry
O00156,9/28/2025,C0109,P011,1,1199.7,Bernard
O00157,4/27/2025,C0056,P019,2,732.55,Gifty
O00158,2/25/2025,C0112,P012,4,2613.33,Felix
O00159,2/11/2025,C0126,P007,5,2083.52,Akua
O00160,8/3/2026,C0173,P012,1,2545.1,David
O00161,5/30/2025,C0154,P006,4,1421.56,Akua
O00162,3/28/2026,C0054,P019,1,666.19,Gifty
O00163,1/31/2025,C0137,P013,2,165.85,Gifty
O00164,7/21/2026,C0128,P007,2,2181.91,Cynthia
O00165,1/18/2026,C0145,P008,2,6155.54,Akua
O00166,11/30/2025,C0067,P003,5,205.58,Felix
O00167,11/26/2025,C0074,P016,2,866.46,Akua
O00168,11/17/2025,C0019,P009,5,10422.34,Esther
O00169,8/7/2026,C0061,P009,3,10465.53,Bernard
O00170,6/26/2026,C0103,P006,1,1560.09,Akua
O00171,8/28/2025,C0039,P012,1,2797.05,Esther
O00172,9/15/2025,C0162,P006,1,1528.25,Felix
O00173,7/30/2025,C0011,P012,1,2410.05,Akua
O00174,1/10/2026,C0156,P009,1,10508.92,Cynthia
O00175,7/25/2026,C0134,P019,1,689.82,Cynthia
O00176,4/9/2026,C0057,P018,4,519.92,David
O00177,7/27/2026,C0094,P007,1,2073.94,Akua
O00178,1/14/2025,C0086,P006,1,1491.06,Cynthia
O00179,9/26/2025,C0178,P004,2,168.46,Felix
O00180,2/5/2026,C0159,P007,1,2061.68,Akua
O00181,4/6/2025,C0061,P010,3,4926.44,Cynthia
O00182,10/11/2025,C0109,P015,1,423.39,Bernard
O00183,7/5/2025,C0102,P015,1,459.4,Akua
O00184,8/2/2026,C0085,P005,2,221.03,Esther
O00185,1/10/2026,C0142,P008,2,5942.38,Akua
O00186,6/2/2025,C0083,P017,4,161.43,Cynthia
O00187,5/9/2026,C0170,P009,4,10360.83,David
O00188,11/30/2025,C0054,P017,4,142.9,David
O00189,4/21/2025,C0109,P013,1,168.1,Henry
O00190,7/3/2025,C0162,P008,2,6512.25,Bernard
O00191,2/10/2026,C0014,P001,2,93.31,Felix
O00192,7/14/2025,C0045,P011,1,1230.01,Felix
O00193,1/20/2025,C0150,P016,4,854.71,Esther
O00194,9/22/2025,C0166,P007,1,2059.91,Akua
O00195,4/3/2025,C0155,P015,3,478.15,Esther
O00196,7/25/2025,C0096,P008,1,6466.86,Gifty
O00197,7/13/2025,C0111,P012,4,2612.01,Henry
O00198,3/18/2025,C0046,P017,1,143.96,David
O00199,2/3/2026,C0017,P015,2,433.18,Esther
O00200,7/16/2025,C0051,P002,1,262.89,Felix
O00201,3/25/2026,C0003,P004,1,165.27,Gifty
O00202,3/28/2026,C0153,P016,1,898.58,David
O00203,7/15/2025,C0056,P008,1,6233.44,Akua
O00204,5/29/2026,C0037,P007,1,2305.41,Henry
O00205,7/30/2026,C0121,P011,1,1154.04,Cynthia
O00206,11/26/2025,C0130,P015,5,475.27,Felix
O00207,2/21/2026,C0010,P010,3,4522.74,Felix
O00208,10/19/2025,C0055,P017,5,146.5,Felix
O00209,7/17/2026,C0132,P004,1,150.97,Esther
O00210,4/4/2026,C0108,P016,1,864.04,Felix
O00211,7/31/2025,C0067,P008,1,5846.44,Felix
O00212,1/23/2026,C0148,P006,3,1373.23,Cynthia
O00213,5/24/2026,C0046,P013,1,187.42,Felix
O00214,5/21/2026,C0110,P017,1,139.23,Gifty
O00215,4/7/2025,C0062,P005,1,232.85,Cynthia
O00216,5/20/2025,C0075,P010,1,4907.47,David
O00217,7/30/2025,C0026,P010,4,5068.24,Esther
O00218,2/18/2025,C0156,P012,1,2477.23,Akua
O00219,9/23/2025,C0163,P020,2,880.45,Henry
O00220,12/17/2025,C0029,P001,1,92.34,Esther
O00221,2/22/2025,C0168,P014,3,344.5,David
O00222,8/4/2026,C0150,P019,4,726.63,Cynthia
O00223,5/16/2025,C0140,P012,2,2659.96,Henry
O00224,6/29/2026,C0163,P012,1,2712.37,Esther
O00225,9/29/2025,C0083,P009,4,10070.11,Gifty
O00226,10/26/2025,C0012,P020,1,905.94,Akua
O00227,4/4/2026,C0087,P006,1,1492.19,David
O00228,7/30/2026,C0096,P018,1,503.31,Cynthia
O00229,4/11/2026,C0115,P009,1,9419.46,Felix
O00230,8/15/2026,C0171,P008,2,5930.33,Esther
O00231,8/23/2026,C0006,P019,1,667.15,Esther
O00232,6/9/2026,C0171,P002,2,277.26,Gifty
O00233,10/13/2025,C0169,P020,2,945.69,Esther
O00234,9/12/2025,C0074,P010,2,4811.89,Henry
O00235,11/12/2025,C0127,P013,1,176.36,Akua
O00236,1/1/2025,C0125,P010,2,4768.07,Cynthia
O00237,1/12/2026,C0056,P004,1,157,Bernard
O00238,11/22/2025,C0158,P006,1,1403.99,Gifty
O00239,4/29/2025,C0107,P010,1,4988.44,Cynthia
O00240,12/15/2025,C0151,P016,2,881.7,Esther
O00241,1/14/2025,C0157,P016,1,852.71,Akua
O00242,6/8/2025,C0176,P007,2,2141.66,David
O00243,5/3/2026,C0129,P020,1,842.08,Henry
O00244,7/8/2026,C0128,P012,1,2742.92,Gifty
O00245,11/19/2025,C0014,P020,1,876.87,Henry
O00246,5/6/2025,C0047,P002,1,287.13,Henry
O00247,4/18/2026,C0168,P006,1,1477.28,Henry
O00248,1/31/2025,C0120,P018,3,532.17,Cynthia
O00249,7/4/2025,C0098,P016,1,909.14,David
O00250,8/12/2025,C0050,P003,5,221.69,Gifty
O00251,7/20/2025,C0102,P009,1,10161.53,Bernard
O00252,5/4/2025,C0140,P011,1,1242.6,David
O00253,10/22/2025,C0083,P009,4,9900.29,Akua
O00254,8/13/2025,C0093,P017,1,139.4,Gifty
O00255,5/11/2025,C0138,P018,3,493.77,Cynthia
O00256,1/17/2025,C0156,P004,1,153.72,Bernard
O00257,10/4/2025,C0041,P007,5,2360.91,Esther
O00258,5/20/2026,C0060,P005,5,257.45,Cynthia
O00259,9/20/2025,C0122,P002,1,280.22,Bernard
O00260,7/25/2025,C0149,P018,1,540.37,Bernard
O00261,7/5/2025,C0022,P016,2,790.3,Felix
O00262,8/3/2025,C0038,P008,1,6053.23,Felix
O00263,8/16/2025,C0098,P020,4,971.33,David
O00264,12/3/2025,C0057,P004,5,156.65,Esther
O00265,11/12/2025,C0146,P018,2,498.63,David
O00266,8/18/2025,C0165,P013,1,193.68,David
O00267,2/1/2026,C0047,P016,4,788.13,Bernard
O00268,6/20/2025,C0036,P003,1,214.25,Bernard
O00269,8/10/2025,C0157,P018,2,525.72,Esther
O00270,2/27/2026,C0167,P011,1,1331.33,Esther
O00271,1/8/2025,C0009,P008,1,6028.59,David
O00272,12/24/2025,C0082,P017,3,151.44,Henry
O00273,7/10/2025,C0116,P020,3,867.36,Esther
O00274,10/28/2025,C0148,P016,2,878.77,Esther
O00275,8/5/2026,C0068,P008,1,6432.33,Akua
O00276,3/8/2026,C0051,P004,1,153.14,Bernard
O00277,2/1/2025,C0116,P005,1,233,Esther
O00278,7/21/2025,C0083,P008,4,6471.43,Cynthia
O00279,8/28/2026,C0169,P008,1,5736.8,Esther
O00280,3/9/2026,C0091,P002,2,268.73,Felix
O00281,2/10/2025,C0082,P018,1,518.66,Bernard
O00282,9/25/2025,C0007,P014,1,335.83,Henry
O00283,1/4/2026,C0078,P009,2,9971.13,Bernard
O00284,8/12/2026,C0061,P018,2,522.74,Cynthia
O00285,10/13/2025,C0032,P011,2,1295.57,Gifty
O00286,7/12/2025,C0052,P014,1,306.59,Henry
O00287,8/17/2026,C0062,P012,2,2408.65,Gifty
O00288,7/20/2026,C0175,P013,2,178.23,Felix
O00289,5/27/2025,C0038,P016,3,792.39,Esther
O00290,12/9/2025,C0029,P006,5,1464.24,Cynthia
O00291,3/14/2025,C0161,P015,5,423.36,David
O00292,8/14/2025,C0120,P004,2,152.94,Gifty
O00293,12/13/2025,C0098,P018,4,505.02,Felix
O00294,8/17/2025,C0122,P011,4,1154.92,Esther
O00295,12/20/2025,C0066,P003,2,208.87,Gifty
O00296,12/29/2025,C0108,P002,3,280.83,Bernard
O00297,7/20/2026,C0088,P006,2,1419.98,David
O00298,2/3/2025,C0016,P004,1,150.11,Felix
O00299,4/12/2025,C0104,P015,4,462.55,Henry
O00300,3/20/2026,C0163,P006,1,1440.56,Esther
O00301,6/18/2025,C0140,P008,3,6059.69,Bernard
O00302,2/9/2025,C0139,P003,3,200.9,David
O00303,1/27/2025,C0150,P002,1,270.55,Felix
O00304,5/28/2025,C0146,P015,2,432.64,Cynthia
O00305,3/22/2025,C0167,P008,2,6329.43,Akua
O00306,4/15/2025,C0079,P016,2,811.39,Cynthia
O00307,1/3/2025,C0088,P003,1,202.73,Gifty
O00308,9/24/2025,C0030,P008,1,6498.91,David
O00309,1/5/2026,C0023,P016,2,902.55,Cynthia
O00310,2/6/2026,C0122,P015,1,434.3,Cynthia
O00311,2/10/2025,C0122,P006,1,1421.75,Akua
O00312,5/16/2025,C0159,P015,1,423.31,Gifty
O00313,5/5/2025,C0179,P002,1,284.78,Akua
O00314,4/9/2026,C0120,P007,1,2029.87,Esther
O00315,8/7/2026,C0124,P009,1,10347.95,Bernard
O00316,8/25/2026,C0080,P019,2,709.7,David
O00317,9/20/2025,C0085,P020,1,849.12,Cynthia
O00318,8/30/2026,C0104,P018,5,489.27,Felix
O00319,12/25/2025,C0004,P002,1,259.92,David
O00320,2/24/2025,C0150,P015,4,469.28,Bernard
O00321,3/17/2025,C0032,P004,1,158.01,Bernard
O00322,6/1/2025,C0145,P010,1,4630.65,Esther
O00323,4/11/2026,C0062,P001,3,101.8,Bernard
O00324,2/27/2026,C0128,P004,2,148.58,Gifty
O00325,12/5/2025,C0032,P007,1,2241.25,Akua
O00326,1/27/2025,C0022,P004,1,149.82,Henry
O00327,7/28/2026,C0047,P002,1,282.62,David
O00328,1/14/2026,C0079,P003,1,196.89,Akua
O00329,2/21/2025,C0058,P016,1,798.85,Gifty
O00330,6/8/2025,C0146,P008,1,6191.91,Henry
O00331,1/2/2026,C0162,P019,2,662.28,Esther
O00332,10/28/2025,C0083,P003,1,193.91,Felix
O00333,3/17/2026,C0013,P004,1,152.78,Bernard
O00334,1/18/2025,C0118,P011,2,1236.35,Akua
O00335,11/7/2025,C0016,P008,2,6305.99,Felix
O00336,8/26/2025,C0177,P002,1,291.69,Bernard
O00337,3/20/2026,C0073,P002,1,281.47,Cynthia
O00338,6/2/2026,C0167,P010,1,4892.33,Akua
O00339,3/5/2025,C0136,P009,1,10411.89,David
O00340,3/1/2025,C0129,P012,2,2802.84,Gifty
O00341,6/28/2025,C0145,P014,3,296.29,Cynthia
O00342,5/19/2025,C0152,P002,3,271.52,David
O00343,2/8/2025,C0011,P014,1,322.69,Bernard
O00344,6/3/2025,C0094,P007,1,2032.27,Henry
O00345,6/21/2026,C0007,P018,1,525.05,David
O00346,1/21/2026,C0052,P016,5,824.96,David
O00347,10/26/2025,C0108,P010,1,4676.76,Gifty
O00348,7/22/2026,C0127,P015,1,437.35,Felix
O00349,2/3/2026,C0149,P018,2,519.09,Henry
O00350,2/5/2026,C0004,P018,1,512.82,David
O00351,5/4/2026,C0134,P012,1,2729.56,Felix
O00352,6/27/2026,C0015,P009,3,10005.66,Felix
O00353,8/11/2025,C0118,P005,1,228.53,Esther
O00354,6/13/2025,C0023,P013,1,183.06,David
O00355,2/18/2026,C0072,P005,1,235.55,Felix
O00356,8/25/2025,C0085,P020,5,941.75,Akua
O00357,7/14/2026,C0133,P003,1,223.01,Esther
O00358,10/5/2025,C0171,P013,4,183.74,Akua
O00359,5/14/2026,C0094,P016,1,906.04,Cynthia
O00360,1/3/2025,C0048,P015,1,454.58,Cynthia
O00361,7/8/2025,C0118,P011,1,1290.64,Felix
O00362,1/2/2025,C0047,P009,2,9966.23,Bernard
O00363,7/21/2026,C0064,P018,1,536.95,Gifty
O00364,12/16/2025,C0152,P020,3,854.51,Akua
O00365,1/17/2026,C0064,P014,2,331.36,Akua
O00366,5/4/2026,C0120,P016,1,787.52,Bernard
O00367,11/4/2025,C0121,P001,1,100.03,David
O00368,5/22/2025,C0057,P004,1,158.25,Cynthia
O00369,3/31/2026,C0003,P011,2,1211.96,Felix
O00370,3/29/2026,C0068,P001,2,91.85,Gifty
O00371,1/14/2026,C0169,P008,1,6575.13,Felix
O00372,4/1/2025,C0046,P010,5,4972.86,David
O00373,7/26/2026,C0028,P001,2,96.38,Akua
O00374,4/22/2025,C0152,P002,3,266.18,David
O00375,8/26/2025,C0077,P011,2,1322.43,Felix
O00376,9/17/2025,C0048,P009,1,10370.19,Felix
O00377,6/22/2026,C0021,P007,1,2223.17,Gifty
O00378,3/3/2025,C0117,P017,2,146.3,Henry
O00379,3/21/2026,C0110,P006,1,1487.45,Esther
O00380,12/14/2025,C0078,P008,2,6484.37,Esther
O00381,3/13/2026,C0168,P008,2,6546.8,Henry
O00382,5/16/2026,C0134,P014,2,330.07,Gifty
O00383,4/25/2025,C0064,P011,1,1287.35,Henry
O00384,3/4/2025,C0083,P006,1,1513.98,Bernard
O00385,3/30/2026,C0064,P009,1,9931.86,Cynthia
O00386,7/30/2026,C0143,P002,4,289.04,Gifty
O00387,11/11/2025,C0085,P007,1,2209.16,Felix
O00388,7/9/2025,C0060,P010,1,4688.25,Cynthia
O00389,3/14/2025,C0111,P009,5,10500.33,Henry
O00390,6/18/2026,C0108,P011,5,1293.68,Gifty
O00391,8/1/2026,C0142,P017,1,139.11,David
O00392,4/5/2026,C0027,P003,1,215.4,Esther
O00393,5/4/2026,C0071,P006,1,1385.13,Esther
O00394,8/25/2025,C0069,P007,1,2365.9,Cynthia
O00395,2/20/2025,C0125,P011,2,1196.56,Gifty
O00396,3/6/2026,C0166,P018,1,516.6,Cynthia
O00397,10/26/2025,C0157,P007,2,2262,Akua
O00398,6/27/2026,C0073,P019,2,654.82,David
O00399,5/9/2025,C0019,P012,2,2726.47,Esther
O00400,7/25/2025,C0094,P006,1,1356.56,Felix
O00401,1/24/2026,C0171,P010,2,4891.69,Bernard
O00402,4/7/2025,C0058,P016,1,876.17,Henry
O00403,12/20/2025,C0093,P003,1,213.59,Gifty
O00404,7/1/2026,C0088,P007,2,2287.39,Cynthia
O00405,7/20/2025,C0172,P017,1,159.81,Akua
O00406,7/21/2025,C0179,P014,5,299.02,Bernard
O00407,8/18/2026,C0097,P010,1,4614.53,Henry
O00408,5/16/2025,C0102,P011,1,1309.71,David
O00409,5/3/2025,C0006,P015,1,423.91,Gifty
O00410,4/28/2026,C0073,P020,4,920.73,Henry
O00411,9/20/2025,C0054,P013,1,185.2,Esther
O00412,8/18/2026,C0068,P018,1,561.2,Felix
O00413,6/4/2025,C0126,P009,1,10095.24,Cynthia
O00414,2/14/2025,C0033,P008,1,5829.72,Cynthia
O00415,5/22/2026,C0014,P014,1,331.01,Akua
O00416,8/20/2025,C0115,P007,1,2074.14,Gifty
O00417,5/13/2025,C0136,P013,1,189.52,Cynthia
O00418,9/20/2025,C0063,P010,2,4642.33,Gifty
O00419,7/4/2025,C0172,P012,2,2697.88,David
O00420,5/28/2026,C0005,P006,1,1489.7,Esther
O00421,2/6/2025,C0094,P003,2,209.96,Cynthia
O00422,5/2/2026,C0031,P013,2,184.21,David
O00423,3/6/2026,C0165,P003,3,207.93,Felix
O00424,5/23/2026,C0030,P011,3,1345.95,Cynthia
O00425,7/7/2026,C0013,P007,5,2304.16,Bernard
O00426,11/12/2025,C0108,P011,1,1233.44,Cynthia
O00427,12/4/2025,C0157,P017,1,138.3,Esther
O00428,2/7/2025,C0025,P003,1,218.8,Felix
O00429,1/23/2026,C0024,P004,2,147.37,Felix
O00430,12/14/2025,C0046,P017,4,142.02,Cynthia
O00431,5/2/2025,C0132,P016,1,846.98,Akua
O00432,12/3/2025,C0167,P014,1,311.66,Felix
O00433,6/1/2025,C0068,P008,1,5878.07,Esther
O00434,1/29/2025,C0146,P008,1,6558.66,Felix
O00435,5/24/2026,C0131,P006,1,1439.92,Henry
O00436,1/28/2026,C0022,P006,1,1542.05,David
O00437,7/2/2025,C0083,P003,2,213,Henry
O00438,4/27/2025,C0071,P011,3,1295.66,Cynthia
O00439,5/9/2025,C0025,P006,2,1463.73,Bernard
O00440,11/19/2025,C0089,P013,3,170.44,Gifty
O00441,4/25/2025,C0090,P015,1,454.93,Cynthia
O00442,3/12/2026,C0050,P019,2,661.06,Felix
O00443,8/28/2025,C0038,P019,1,728.72,Esther
O00444,4/21/2025,C0125,P019,1,643.23,Esther
O00445,12/5/2025,C0176,P013,1,184.81,David
O00446,1/15/2025,C0084,P003,3,209.8,David
O00447,5/6/2025,C0114,P009,1,10098.43,Bernard
O00448,6/30/2026,C0168,P010,1,4468.63,Esther
O00449,1/26/2025,C0139,P018,1,557.46,Akua
O00450,11/23/2025,C0040,P004,1,162.85,Akua
O00451,10/25/2025,C0117,P009,1,9025.29,Gifty
O00452,3/8/2026,C0148,P015,3,459.64,Gifty
O00453,2/2/2026,C0133,P005,2,231.85,Henry
O00454,3/27/2025,C0083,P009,3,9457.28,Bernard
O00455,10/3/2025,C0147,P010,1,4993.22,Bernard
O00456,2/22/2026,C0010,P010,1,4726.17,Henry
O00457,3/22/2025,C0160,P007,3,2164.55,Felix
O00458,8/28/2026,C0095,P015,3,426.42,Felix
O00459,5/29/2026,C0059,P013,2,179.58,Gifty
O00460,7/17/2025,C0132,P007,2,2070.97,Esther
O00461,4/29/2025,C0007,P020,2,945.57,Cynthia
O00462,2/3/2026,C0115,P020,2,863.83,Henry
O00463,3/16/2025,C0063,P009,3,9134.42,Henry
O00464,10/24/2025,C0169,P010,2,4510.44,Bernard
O00465,1/4/2025,C0129,P005,2,236.05,Henry
O00466,2/28/2026,C0088,P003,1,198.29,Felix
O00467,9/26/2025,C0022,P011,4,1333.43,Esther
O00468,7/18/2026,C0048,P007,1,2255.27,Akua
O00469,5/5/2025,C0028,P020,1,960.27,Cynthia
O00470,2/10/2025,C0171,P017,2,156.71,Gifty
O00471,1/20/2025,C0080,P015,2,454.38,David
O00472,5/15/2025,C0112,P001,1,92.49,Esther
O00473,3/28/2025,C0125,P006,3,1455.93,Felix
O00474,4/20/2026,C0029,P014,4,307.54,Esther
O00475,5/26/2025,C0035,P013,1,172.89,Gifty
O00476,12/25/2025,C0060,P002,3,282.08,Cynthia
O00477,5/7/2025,C0146,P010,2,5163.07,Akua
O00478,1/17/2026,C0138,P016,2,908.94,Henry
O00479,1/17/2025,C0095,P005,2,227.78,Henry
O00480,7/25/2026,C0096,P008,1,6069.9,Henry
O00481,3/13/2025,C0068,P018,5,510.1,Henry
O00482,1/7/2025,C0180,P012,1,2801.41,Akua
O00483,11/4/2025,C0068,P007,2,2259.07,Esther
O00484,4/26/2026,C0086,P006,2,1347.17,Esther
O00485,8/27/2025,C0055,P002,2,294.62,Esther
O00486,2/11/2026,C0009,P007,1,2328.07,Felix
O00487,2/17/2026,C0074,P011,1,1213.71,Bernard
O00488,7/3/2026,C0087,P014,1,310.93,David
O00489,6/6/2026,C0127,P014,2,318.56,Felix
O00490,1/28/2025,C0005,P012,1,2522.26,Gifty
O00491,3/16/2025,C0170,P002,1,296.33,Gifty
O00492,2/14/2025,C0174,P014,1,344.11,David
O00493,10/5/2025,C0143,P014,1,303.06,Felix
O00494,7/2/2025,C0053,P018,2,560.49,Cynthia
O00495,7/27/2025,C0056,P003,3,212.57,Gifty
O00496,5/20/2026,C0176,P017,2,138.43,Gifty
O00497,1/21/2025,C0111,P008,1,5836.13,Bernard
O00498,7/25/2025,C0004,P013,1,189.79,Esther
O00499,5/20/2025,C0123,P007,1,2322.83,Henry
O00500,1/20/2025,C0031,P020,3,933.98,Felix
O00501,5/16/2025,C0147,P007,4,2324.8,Henry
O00502,6/11/2026,C0110,P005,1,220.94,Felix
O00503,4/20/2026,C0145,P001,2,97.68,Esther
O00504,4/7/2025,C0051,P018,1,510,Cynthia
O00505,3/10/2025,C0014,P009,1,10165.4,Akua
O00506,5/3/2025,C0128,P011,3,1205.55,Gifty
O00507,1/31/2025,C0087,P009,2,9739.73,Esther
O00508,8/24/2025,C0061,P006,2,1527.19,Esther
O00509,4/14/2025,C0114,P009,1,9929.02,Gifty
O00510,7/24/2026,C0066,P008,3,6013.82,Akua
O00511,5/17/2026,C0162,P005,2,243.02,Gifty
O00512,7/6/2025,C0086,P007,3,2144.03,Bernard
O00513,5/27/2026,C0150,P014,2,331.74,Esther
O00514,1/5/2025,C0081,P001,2,93.02,Henry
O00515,8/24/2025,C0019,P007,1,2347.03,Akua
O00516,3/14/2026,C0089,P011,3,1276.21,Felix
O00517,2/1/2026,C0019,P006,2,1439.15,Gifty
O00518,8/30/2026,C0066,P012,1,2591.69,David
O00519,3/21/2026,C0033,P008,3,6265.06,Akua
O00520,4/16/2026,C0055,P002,1,287.6,Bernard
O00521,2/27/2026,C0056,P005,1,255.69,Esther
O00522,5/5/2026,C0150,P003,1,209.5,Gifty
O00523,5/3/2026,C0177,P010,1,4601.96,Esther
O00524,8/26/2026,C0127,P018,5,499.01,Bernard
O00525,9/5/2025,C0005,P012,1,2409.44,David
O00526,4/18/2026,C0145,P004,2,167.58,Esther
O00527,2/22/2026,C0164,P010,1,4480.13,Akua
O00528,5/21/2026,C0131,P005,3,248.69,Henry
O00529,6/10/2026,C0143,P010,1,5118.85,Gifty
O00530,1/26/2025,C0089,P004,3,147.7,David
O00531,6/14/2026,C0046,P005,2,243.36,Felix
O00532,8/6/2025,C0139,P019,2,712.14,Akua
O00533,7/3/2026,C0107,P004,2,159.06,David
O00534,9/1/2025,C0177,P015,1,467.27,Henry
O00535,11/5/2025,C0121,P011,1,1305.96,Cynthia
O00536,3/22/2026,C0002,P009,1,9505.75,Felix
O00537,6/7/2026,C0141,P005,1,226.67,Gifty
O00538,11/12/2025,C0017,P013,2,182.64,Akua
O00539,10/30/2025,C0045,P006,1,1531.7,Bernard
O00540,4/9/2025,C0005,P010,1,4903.09,Felix
O00541,4/14/2025,C0046,P015,1,475.19,Esther
O00542,3/30/2026,C0031,P006,1,1431.08,Akua
O00543,8/17/2026,C0044,P019,4,643.23,Bernard
O00544,8/17/2026,C0091,P007,2,2290.97,Akua
O00545,7/13/2026,C0153,P020,1,922.19,David
O00546,7/3/2026,C0054,P009,1,10093.67,Akua
O00547,5/22/2026,C0053,P019,1,722.03,Cynthia
O00548,5/23/2025,C0111,P002,1,270.75,Esther
O00549,1/23/2026,C0103,P011,1,1151.57,Cynthia
O00550,7/5/2026,C0111,P012,1,2416.1,Felix
O00551,9/28/2025,C0160,P020,1,880.97,Akua
O00552,1/31/2025,C0047,P014,2,321.21,Esther
O00553,4/24/2025,C0066,P005,1,252.45,Esther
O00554,11/26/2025,C0029,P005,4,226.25,Gifty
O00555,8/8/2025,C0159,P004,4,158.5,Henry
O00556,3/3/2025,C0041,P007,1,2100.98,Esther
O00557,12/3/2025,C0151,P006,3,1446.34,David
O00558,5/29/2026,C0099,P016,4,894.28,Akua
O00559,10/24/2025,C0056,P007,1,2123.02,Henry
O00560,5/20/2026,C0175,P010,2,4611.65,Gifty
O00561,8/14/2026,C0147,P019,2,663.41,David
O00562,3/17/2026,C0031,P016,2,792.34,Bernard
O00563,6/22/2025,C0011,P011,1,1274.14,Felix
O00564,1/12/2026,C0142,P018,2,480.57,Cynthia
O00565,1/5/2026,C0004,P018,4,521.38,Felix
O00566,1/21/2026,C0177,P005,2,228.88,Cynthia
O00567,2/7/2026,C0009,P008,1,6510.44,Esther
O00568,1/29/2025,C0048,P009,4,10454.26,Cynthia
O00569,5/6/2026,C0106,P020,2,913.32,Gifty
O00570,5/29/2026,C0066,P001,1,101.58,David
O00571,6/7/2026,C0151,P008,1,6216.09,Bernard
O00572,2/24/2026,C0029,P018,5,557.33,Henry
O00573,12/13/2025,C0043,P014,3,311.81,Bernard
O00574,2/28/2026,C0141,P010,1,4808.49,Bernard
O00575,6/4/2025,C0060,P010,2,5078.87,Esther
O00576,9/2/2025,C0024,P010,1,5112.89,Akua
O00577,11/16/2025,C0134,P009,3,10053.5,Esther
O00578,12/4/2025,C0126,P010,4,4489.52,Henry
O00579,12/23/2025,C0040,P016,4,906.59,Akua
O00580,12/24/2025,C0152,P008,1,6566.01,Esther
O00581,3/15/2025,C0010,P015,2,465.61,David
O00582,3/7/2026,C0084,P002,1,278.48,David
O00583,3/26/2026,C0038,P003,4,212.31,Felix
O00584,7/9/2026,C0096,P008,1,5761.99,Gifty
O00585,7/21/2026,C0147,P011,4,1317.09,David
O00586,1/12/2026,C0075,P020,1,845.21,Cynthia
O00587,8/28/2026,C0067,P002,1,289.67,Felix
O00588,9/23/2025,C0127,P018,3,504.3,Henry
O00589,2/19/2026,C0110,P004,2,170.92,Esther
O00590,6/22/2026,C0120,P010,3,4454.31,Henry
O00591,8/3/2025,C0042,P007,2,2347.52,Cynthia
O00592,8/3/2026,C0074,P017,2,153.75,Felix
O00593,8/25/2025,C0040,P020,2,917,Cynthia
O00594,2/10/2025,C0145,P016,2,888.04,Akua
O00595,4/25/2025,C0013,P010,4,4813.99,Akua
O00596,7/18/2025,C0124,P008,2,5821.27,Esther
O00597,6/8/2025,C0096,P005,1,230.65,Henry
O00598,6/19/2025,C0167,P005,1,237.59,Henry
O00599,11/22/2025,C0073,P006,1,1528.07,David
O00600,2/14/2026,C0027,P003,1,195.88,Felix
O00601,7/28/2025,C0085,P014,3,342.05,Cynthia
O00602,5/15/2026,C0043,P005,1,254.26,David
O00603,10/3/2025,C0029,P002,2,287.53,Esther
O00604,3/22/2026,C0046,P006,2,1444.92,Cynthia
O00605,4/29/2026,C0166,P006,4,1364.75,Esther
O00606,8/6/2026,C0070,P002,1,258.89,Esther
O00607,5/12/2026,C0121,P007,2,2112.44,Felix
O00608,10/11/2025,C0022,P004,1,164.75,Bernard
O00609,6/29/2025,C0069,P001,3,88.77,David
O00610,1/25/2025,C0167,P017,1,138.56,Esther
O00611,6/15/2025,C0019,P018,2,478.6,David
O00612,7/9/2025,C0123,P019,1,689.59,Bernard
O00613,5/12/2025,C0042,P006,4,1391.94,Felix
O00614,12/21/2025,C0031,P009,1,9162.05,Felix
O00615,4/4/2025,C0026,P011,1,1239.28,Bernard
O00616,7/21/2026,C0137,P012,1,2440.02,Esther
O00617,1/25/2025,C0107,P012,3,2532.66,Cynthia
O00618,10/22/2025,C0162,P008,1,6119.93,Esther
O00619,4/5/2025,C0086,P009,2,9314.19,Esther
O00620,7/4/2025,C0062,P010,2,5049.28,Esther
O00621,12/17/2025,C0119,P007,3,2308.68,Gifty
O00622,7/30/2026,C0054,P010,1,5106.81,Akua
O00623,7/9/2025,C0022,P003,2,222.43,Akua
O00624,2/8/2025,C0160,P009,3,10089.17,Gifty
O00625,3/15/2025,C0025,P018,2,508.19,Esther
O00626,6/12/2025,C0041,P010,1,4475.02,Felix
O00627,11/18/2025,C0172,P008,1,6262.08,Felix
O00628,3/31/2026,C0016,P008,2,6351.02,Gifty
O00629,1/29/2025,C0040,P001,1,100.89,Akua
O00630,7/24/2026,C0043,P012,1,2569.11,Gifty
O00631,10/24/2025,C0049,P018,2,547.22,Henry
O00632,3/21/2026,C0176,P014,2,304.48,Cynthia
O00633,10/18/2025,C0093,P008,1,6084.6,David
O00634,9/12/2025,C0053,P001,2,101.94,Gifty
O00635,7/31/2026,C0011,P020,1,953.04,Esther
O00636,2/5/2025,C0083,P017,2,154.25,Gifty
O00637,11/28/2025,C0163,P007,4,2355.73,David
O00638,3/17/2026,C0055,P003,3,222.22,Cynthia
O00639,12/2/2025,C0162,P008,1,6209.11,Henry
O00640,2/8/2025,C0161,P003,1,226.27,Esther
O00641,6/6/2026,C0165,P016,3,849.96,Henry
O00642,3/15/2025,C0064,P015,5,472.52,Gifty
O00643,7/9/2025,C0098,P014,2,303.4,Akua
O00644,1/29/2026,C0011,P016,1,850.53,David
O00645,12/20/2025,C0021,P009,2,9162.66,Esther
O00646,4/28/2026,C0060,P012,2,2682.98,David
O00647,4/16/2025,C0128,P019,2,712.23,David
O00648,7/30/2026,C0032,P010,1,4994.63,Cynthia
O00649,5/15/2025,C0035,P002,2,280.3,Felix
O00650,6/19/2025,C0011,P011,4,1301.2,Bernard
O00651,2/14/2025,C0105,P015,1,423.19,Bernard
O00652,7/5/2026,C0142,P018,1,554.66,Henry
O00653,7/1/2025,C0132,P010,3,5062.54,Felix
O00654,9/3/2025,C0129,P010,2,4935.17,Akua
O00655,10/10/2025,C0122,P009,5,9183.13,Cynthia
O00656,12/28/2025,C0073,P008,2,6223.84,Akua
O00657,2/10/2025,C0174,P004,1,156.11,Bernard
O00658,3/27/2026,C0113,P003,1,193.6,Esther
O00659,7/15/2026,C0134,P011,2,1233.46,Gifty
O00660,8/23/2025,C0160,P004,4,162.29,Henry
O00661,7/1/2025,C0119,P019,1,645.96,Bernard
O00662,11/16/2025,C0164,P020,4,935.46,Henry
O00663,10/4/2025,C0120,P016,1,837.25,Cynthia
O00664,5/8/2026,C0173,P005,1,227.33,Cynthia
O00665,6/19/2025,C0151,P010,4,4961.87,Cynthia
O00666,8/25/2025,C0089,P001,3,100.7,Esther
O00667,3/11/2025,C0176,P010,1,5114.03,Gifty
O00668,6/22/2026,C0111,P014,2,336.68,Bernard
O00669,1/19/2025,C0042,P019,4,652.27,Cynthia
O00670,7/6/2025,C0127,P017,1,154.04,Felix
O00671,12/24/2025,C0014,P015,1,482.63,Felix
O00672,4/29/2025,C0125,P016,2,845.04,Felix
O00673,8/19/2025,C0103,P009,5,10337.86,Henry
O00674,7/4/2025,C0070,P005,1,250.47,Bernard
O00675,12/26/2025,C0059,P013,2,184.4,Akua
O00676,3/10/2025,C0171,P006,1,1520.3,Bernard
O00677,4/24/2025,C0159,P002,3,296.96,Felix
O00678,2/7/2026,C0088,P013,1,184.72,Henry
O00679,10/25/2025,C0156,P017,1,157.16,Akua
O00680,3/20/2025,C0145,P003,2,220.46,Felix
O00681,9/9/2025,C0080,P003,2,199.56,Gifty
O00682,7/11/2026,C0103,P006,1,1376.98,Esther
O00683,3/9/2026,C0079,P020,1,923.84,David
O00684,9/21/2025,C0120,P015,2,429.3,Bernard
O00685,4/10/2026,C0078,P006,1,1336.27,Gifty
O00686,3/14/2026,C0157,P007,5,2177.26,Henry
O00687,3/14/2026,C0119,P018,5,512.79,Henry
O00688,1/3/2026,C0142,P001,1,89.94,Bernard
O00689,5/12/2026,C0082,P016,2,864.53,Felix
O00690,9/17/2025,C0179,P018,4,537.34,Cynthia
O00691,2/9/2026,C0131,P020,1,860.76,Felix
O00692,6/23/2026,C0077,P009,1,10329.8,Henry
O00693,5/18/2025,C0133,P011,4,1182.46,Felix
O00694,10/19/2025,C0121,P002,3,277.17,Felix
O00695,6/14/2025,C0169,P016,2,890.49,Esther
O00696,1/31/2025,C0102,P008,1,6237.09,David
O00697,3/31/2026,C0053,P018,3,494.14,Cynthia
O00698,1/5/2026,C0083,P019,2,633.32,Felix
O00699,1/5/2025,C0079,P020,1,832.76,Akua
O00700,2/2/2025,C0090,P018,2,509.62,Felix
O00701,1/28/2025,C0021,P003,1,216.75,Gifty
O00702,6/20/2026,C0158,P020,2,878.34,Henry
O00703,5/10/2025,C0157,P008,2,6507.36,Gifty
O00704,5/12/2025,C0009,P004,4,161.49,Akua
O00705,7/13/2026,C0023,P019,1,681.37,Cynthia
O00706,11/21/2025,C0171,P006,4,1477.24,David
O00707,12/4/2025,C0084,P003,2,216.57,Esther
O00708,6/23/2025,C0167,P007,1,2037.69,Esther
O00709,8/17/2026,C0167,P006,1,1390.1,Esther
O00710,6/3/2025,C0102,P005,1,250.19,Esther
O00711,4/24/2025,C0162,P008,1,6337.65,Felix
O00712,6/3/2026,C0131,P008,4,6050.84,Gifty
O00713,1/12/2025,C0001,P006,5,1430.02,Akua
O00714,6/1/2025,C0120,P018,2,513.22,Akua
O00715,4/9/2025,C0176,P018,1,510.41,Esther
O00716,1/31/2026,C0029,P013,2,166.22,Bernard
O00717,6/4/2025,C0138,P020,4,959.55,Cynthia
O00718,9/16/2025,C0090,P003,1,218.6,Cynthia
O00719,12/17/2025,C0140,P009,1,10137.62,David
O00720,7/14/2025,C0116,P006,1,1499.1,David
O00721,2/14/2025,C0031,P015,1,445.56,David
O00722,8/6/2025,C0006,P008,1,6226.3,Bernard
O00723,4/28/2025,C0047,P004,1,150.23,David
O00724,5/19/2025,C0011,P018,1,530.95,Esther
O00725,5/25/2025,C0033,P006,1,1530.38,Esther
O00726,2/3/2026,C0111,P008,2,6381.93,Cynthia
O00727,10/20/2025,C0176,P001,1,99.32,David
O00728,5/6/2025,C0169,P008,1,5761.01,Cynthia
O00729,4/23/2026,C0033,P003,1,201.28,Akua
O00730,4/5/2026,C0070,P015,2,481.29,Esther
O00731,2/6/2025,C0123,P006,1,1388.64,David
O00732,9/4/2025,C0013,P008,1,6347.67,Cynthia
O00733,8/10/2025,C0114,P019,2,732.07,Henry
O00734,7/13/2026,C0144,P014,4,329.69,David
O00735,3/1/2025,C0010,P017,2,145.03,Gifty
O00736,12/21/2025,C0097,P020,2,960.81,Akua
O00737,10/24/2025,C0162,P003,1,224.96,Felix
O00738,5/9/2025,C0036,P013,1,171.93,David
O00739,12/8/2025,C0103,P001,2,94.4,David
O00740,6/5/2025,C0178,P003,1,219.96,Henry
O00741,3/18/2025,C0133,P002,4,295.34,Felix
O00742,3/21/2026,C0024,P009,3,9792.95,Bernard
O00743,9/24/2025,C0133,P016,4,803.17,Henry
O00744,2/1/2025,C0175,P006,2,1344.57,David
O00745,1/6/2026,C0122,P003,1,212.31,Bernard
O00746,8/30/2026,C0097,P008,1,5784.28,Gifty
O00747,7/8/2025,C0133,P009,4,10247.83,Gifty
O00748,11/11/2025,C0005,P009,3,9651.88,David
O00749,3/12/2026,C0003,P004,2,148.89,Gifty
O00750,6/11/2025,C0078,P014,1,331.68,Cynthia
O00751,11/9/2025,C0031,P012,4,2490.34,Akua
O00752,4/11/2025,C0024,P011,1,1188.8,Bernard
O00753,12/13/2025,C0127,P017,3,148.11,Felix
O00754,5/11/2025,C0033,P011,2,1317,Esther
O00755,4/16/2026,C0046,P010,2,4882.74,Henry
O00756,3/21/2025,C0075,P004,2,160.53,Akua
O00757,8/11/2025,C0086,P013,3,193.68,Esther
O00758,9/3/2025,C0175,P008,2,6289.09,Felix
O00759,8/31/2026,C0051,P008,2,5837.88,Cynthia
O00760,4/28/2025,C0164,P013,1,186.79,David
O00761,3/13/2025,C0102,P005,1,250.46,Akua
O00762,6/8/2025,C0040,P014,4,321.89,Bernard
O00763,5/16/2026,C0094,P007,1,2350.53,Esther
O00764,5/2/2026,C0024,P008,1,6419.74,Bernard
O00765,6/7/2025,C0093,P018,1,509.57,Gifty
O00766,6/14/2026,C0085,P007,3,2280.55,Akua
O00767,7/2/2025,C0012,P006,2,1501.13,Bernard
O00768,11/18/2025,C0025,P002,2,293.96,Akua
O00769,5/15/2026,C0005,P010,1,4701.79,Cynthia
O00770,10/9/2025,C0065,P007,2,2245.71,Gifty
O00771,5/27/2026,C0177,P007,1,2106.4,Cynthia
O00772,4/4/2026,C0116,P018,1,509.45,Esther
O00773,11/25/2025,C0017,P007,3,2331.95,David
O00774,4/17/2025,C0170,P010,2,4657.51,Esther
O00775,2/11/2026,C0068,P007,1,2196.57,Akua
O00776,2/24/2026,C0010,P004,2,160.61,David
O00777,2/23/2025,C0064,P010,3,4476.06,Cynthia
O00778,10/25/2025,C0050,P010,3,4645.22,Esther
O00779,4/2/2026,C0105,P001,3,97.87,Esther
O00780,9/21/2025,C0087,P010,2,4983.34,Felix
O00781,6/8/2026,C0037,P010,1,4647.07,Akua
O00782,5/29/2026,C0011,P013,3,168.99,Akua
O00783,9/15/2025,C0151,P005,1,225,Cynthia
O00784,1/17/2025,C0165,P005,2,233.66,Gifty
O00785,9/24/2025,C0040,P011,1,1156.17,Esther
O00786,3/12/2025,C0068,P020,4,842.14,Akua
O00787,4/1/2025,C0073,P002,3,270.74,Bernard
O00788,11/30/2025,C0116,P003,1,225.43,Henry
O00789,9/7/2025,C0050,P017,1,140.77,Felix
O00790,7/6/2026,C0108,P014,4,308.94,Gifty
O00791,5/12/2025,C0075,P010,1,4881.87,Akua
O00792,2/17/2026,C0082,P006,1,1443,Esther
O00793,6/21/2025,C0088,P008,1,6135.03,Esther
O00794,5/26/2026,C0152,P002,1,296.7,Henry
O00795,12/24/2025,C0180,P001,1,88.72,Cynthia
O00796,2/21/2025,C0164,P007,1,2126.79,Bernard
O00797,3/7/2025,C0039,P001,1,93.41,David
O00798,5/17/2026,C0157,P014,1,294.87,Akua
O00799,8/8/2025,C0161,P009,1,10024.47,Henry
O00800,2/6/2026,C0040,P010,3,4974.32,Felix
O00801,9/28/2025,C0160,P008,2,6164.89,Gifty
O00802,7/17/2026,C0114,P007,3,2048.67,Henry
O00803,6/10/2025,C0131,P003,2,201.09,Henry
O00804,3/11/2026,C0019,P006,1,1389.54,Esther
O00805,4/11/2026,C0073,P006,2,1373.87,Felix
O00806,8/20/2025,C0005,P020,4,895.06,Felix
O00807,7/18/2026,C0062,P017,1,156.57,Akua
O00808,8/26/2026,C0061,P013,1,193.68,Cynthia
O00809,6/3/2025,C0008,P001,1,99.91,Akua
O00810,5/18/2026,C0038,P005,2,232.29,Henry
O00811,2/14/2026,C0002,P003,1,212.79,Esther
O00812,6/4/2025,C0079,P015,1,419.57,Akua
O00813,12/1/2025,C0046,P005,4,225.39,Felix
O00814,5/6/2026,C0056,P008,1,6000.94,Henry
O00815,5/30/2026,C0021,P007,2,2227.34,Felix
O00816,8/20/2026,C0040,P014,1,306.87,Henry
O00817,5/18/2026,C0021,P014,1,320.33,Cynthia
O00818,4/27/2025,C0046,P001,3,92.84,Felix
O00819,9/29/2025,C0144,P013,1,173.83,Henry
O00820,2/2/2026,C0033,P015,1,485.78,Bernard
O00821,11/18/2025,C0093,P002,4,260.46,Bernard
O00822,3/31/2026,C0001,P013,1,192.96,Henry
O00823,9/9/2025,C0012,P006,2,1414.88,Cynthia
O00824,10/6/2025,C0032,P006,1,1497.09,Gifty
O00825,8/2/2026,C0139,P001,1,101.85,Gifty
O00826,1/27/2025,C0018,P014,3,322.23,Cynthia
O00827,2/1/2026,C0074,P012,2,2555.77,David
O00828,5/2/2026,C0022,P018,2,490.2,Cynthia
O00829,6/28/2025,C0134,P001,2,100.23,Gifty
O00830,2/19/2025,C0045,P010,1,4973.24,Gifty
O00831,5/21/2026,C0039,P010,1,4665.97,Akua
O00832,8/24/2025,C0121,P020,4,854.1,Gifty
O00833,8/26/2026,C0051,P010,1,4539.29,Henry
O00834,3/18/2026,C0123,P004,1,167.95,Akua
O00835,8/26/2026,C0078,P005,4,250.13,Henry
O00836,1/2/2026,C0163,P004,1,152.83,Bernard
O00837,3/15/2026,C0155,P018,1,535.12,Cynthia
O00838,5/3/2025,C0156,P003,2,200.77,Henry
O00839,5/1/2026,C0036,P020,1,909.27,Cynthia
O00840,12/18/2025,C0133,P003,2,202.79,Akua
O00841,2/3/2025,C0016,P010,1,4739.01,Gifty
O00842,10/10/2025,C0178,P008,5,5925.76,Henry
O00843,10/26/2025,C0089,P011,1,1206.74,Bernard
O00844,7/23/2026,C0004,P020,1,966.92,Akua
O00845,12/18/2025,C0127,P020,1,865.57,Gifty
O00846,12/11/2025,C0121,P008,3,5921.43,Henry
O00847,11/29/2025,C0087,P010,1,4674.44,David
O00848,8/6/2026,C0166,P006,1,1486.03,Gifty
O00849,7/4/2025,C0100,P009,1,9858.14,Gifty
O00850,2/8/2026,C0057,P015,1,426.16,Akua
O00851,5/12/2025,C0138,P015,1,480.59,Esther
O00852,6/27/2026,C0016,P017,1,145.37,Esther
O00853,8/12/2025,C0151,P009,4,9319.07,Akua
O00854,6/11/2026,C0154,P006,1,1488.28,Akua
O00855,9/5/2025,C0010,P016,1,913.7,Akua
O00856,1/16/2025,C0128,P012,3,2701.2,Akua
O00857,12/24/2025,C0174,P011,1,1337.85,Cynthia
O00858,3/5/2026,C0101,P013,1,171.37,David
O00859,5/30/2026,C0085,P009,1,9604.39,Akua
O00860,8/23/2025,C0049,P013,1,170,Esther
O00861,7/12/2026,C0095,P014,1,296.21,Felix
O00862,6/28/2026,C0050,P007,2,2071.8,Cynthia
O00863,7/16/2025,C0118,P010,2,4547.08,Cynthia
O00864,4/23/2026,C0141,P001,1,92.27,Cynthia
O00865,11/2/2025,C0172,P007,3,2076.29,Esther
O00866,8/12/2025,C0157,P009,2,10531.46,Henry
O00867,6/13/2025,C0165,P006,1,1345.63,Cynthia
O00868,5/3/2026,C0033,P010,1,4424.37,Henry
O00869,5/11/2025,C0023,P004,2,148.66,Henry
O00870,7/15/2025,C0080,P010,2,4768.44,Felix
O00871,5/5/2025,C0035,P018,2,513.05,Gifty
O00872,8/14/2026,C0108,P016,1,797.96,David
O00873,4/16/2025,C0130,P009,3,9876.11,David
O00874,11/19/2025,C0095,P006,3,1423.76,Bernard
O00875,8/4/2025,C0015,P013,1,168.44,Gifty
O00876,1/25/2026,C0154,P001,1,102.3,Bernard
O00877,1/11/2026,C0017,P015,1,430.23,Gifty
O00878,5/17/2025,C0096,P002,1,297.44,Akua
O00879,12/21/2025,C0064,P013,2,178.14,Felix
O00880,4/19/2025,C0150,P013,1,185.67,Bernard
O00881,1/12/2026,C0067,P015,2,436.67,Henry
O00882,4/19/2026,C0137,P012,4,2642.42,Akua
O00883,1/11/2026,C0081,P017,1,138.21,Akua
O00884,5/3/2026,C0085,P013,1,174.76,Esther
O00885,12/15/2025,C0067,P020,5,866.39,Esther
O00886,11/2/2025,C0107,P008,4,6631.93,Gifty
O00887,1/10/2026,C0118,P017,1,155.58,Felix
O00888,12/17/2025,C0085,P004,2,162.75,Henry
O00889,3/11/2026,C0148,P015,3,451.44,Esther
O00890,4/16/2026,C0023,P009,1,9235.86,David
O00891,5/2/2025,C0053,P010,1,4935.87,Henry
O00892,9/13/2025,C0037,P003,2,199.38,Gifty
O00893,1/31/2026,C0083,P010,1,4968.44,Esther
O00894,3/17/2026,C0124,P017,2,143.39,Cynthia
O00895,7/18/2025,C0119,P001,1,96.14,Akua
O00896,1/20/2025,C0003,P010,5,4950.23,Akua
O00897,7/30/2026,C0179,P004,3,168.71,Akua
O00898,10/23/2025,C0132,P013,1,167.78,Felix
O00899,8/17/2025,C0040,P017,2,153.37,Akua
O00900,6/3/2025,C0040,P002,2,299.01,Felix
O00901,6/23/2025,C0040,P017,2,149.52,Esther
O00902,8/15/2026,C0091,P015,4,468.92,Esther
O00903,4/8/2026,C0001,P020,1,893.18,David
O00904,9/2/2025,C0008,P006,1,1392,David
O00905,4/29/2026,C0048,P014,3,319.79,David
O00906,8/8/2026,C0046,P014,3,317.01,David
O00907,7/27/2026,C0091,P001,1,98.91,Gifty
O00908,1/17/2025,C0071,P011,3,1342.02,David
O00909,2/23/2025,C0088,P007,1,2306.01,Akua
O00910,1/5/2026,C0138,P007,1,2266.67,Akua
O00911,11/6/2025,C0120,P007,4,2314.6,Gifty
O00912,2/19/2026,C0120,P012,1,2756.07,Gifty
O00913,5/8/2026,C0060,P008,1,6691.71,Felix
O00914,8/12/2025,C0148,P007,1,2273.41,Henry
O00915,8/3/2026,C0113,P009,2,9588.79,Esther
O00916,5/16/2026,C0077,P011,1,1153.4,Cynthia
O00917,1/30/2025,C0092,P018,1,550.11,Felix
O00918,11/30/2025,C0098,P006,1,1539.29,Cynthia
O00919,3/5/2025,C0168,P009,3,9238.91,Cynthia
O00920,4/15/2026,C0080,P007,5,2107.44,Felix
O00921,3/19/2026,C0130,P020,3,899.99,Akua
O00922,1/6/2026,C0169,P010,3,4915.37,Esther
O00923,8/7/2025,C0093,P005,2,253.49,David
O00924,8/11/2025,C0011,P010,1,4472.37,Felix
O00925,6/18/2026,C0063,P014,2,345.32,Bernard
O00926,3/29/2026,C0172,P015,2,470.05,Gifty
O00927,6/2/2026,C0176,P009,1,9275.71,Felix
O00928,2/10/2026,C0119,P012,2,2661.17,Esther
O00929,5/9/2026,C0076,P014,1,301.03,Henry
O00930,8/4/2026,C0093,P012,4,2760.96,Cynthia
O00931,9/5/2025,C0091,P009,1,9937.2,Esther
O00932,9/25/2025,C0178,P003,1,195.85,Akua
O00933,7/31/2025,C0145,P002,1,257.9,Henry
O00934,2/19/2026,C0077,P012,1,2533.29,Henry
O00935,7/26/2025,C0051,P012,2,2754.9,Akua
O00936,5/2/2025,C0071,P005,1,243.41,Cynthia
O00937,5/9/2026,C0063,P007,1,2288.07,Cynthia
O00938,2/9/2025,C0133,P013,1,177.71,David
O00939,3/26/2026,C0145,P019,1,679.22,Esther
O00940,1/11/2025,C0078,P014,1,321.34,David
O00941,1/8/2026,C0058,P011,2,1195.28,Henry
O00942,2/2/2026,C0001,P016,1,874.45,Cynthia
O00943,4/28/2025,C0034,P010,1,4919.22,Esther
O00944,8/9/2026,C0177,P004,1,149.37,Esther
O00945,4/19/2026,C0115,P002,3,266.07,Felix
O00946,10/7/2025,C0043,P001,1,95.23,Akua
O00947,6/30/2026,C0047,P005,2,240.99,David
O00948,8/13/2026,C0038,P020,1,924.99,Bernard
O00949,8/9/2025,C0071,P002,1,280.68,Henry
O00950,12/7/2025,C0130,P020,2,917.23,Henry
O00951,4/8/2026,C0178,P005,4,257.03,Cynthia
O00952,10/9/2025,C0058,P007,5,2123.85,Bernard
O00953,1/2/2025,C0073,P016,1,906.3,Felix
O00954,3/24/2025,C0108,P005,1,221.34,Gifty
O00955,8/7/2026,C0144,P011,1,1307.95,Cynthia
O00956,5/10/2025,C0060,P006,1,1538.54,Felix
O00957,4/18/2026,C0092,P008,2,5899.03,Felix
O00958,4/10/2026,C0143,P013,1,191.86,Gifty
O00959,5/27/2026,C0125,P010,1,4790.86,Esther
O00960,2/13/2025,C0035,P006,2,1471.13,Cynthia
O00961,8/15/2025,C0172,P007,2,2194.88,David
O00962,2/21/2025,C0097,P015,1,448.63,Felix
O00963,1/3/2025,C0106,P001,1,92.41,Henry
O00964,7/30/2025,C0096,P001,1,94.09,Esther
O00965,4/7/2025,C0058,P016,1,791.8,Akua
O00966,5/1/2026,C0162,P010,2,4687.32,David
O00967,3/15/2025,C0023,P015,1,453.29,Felix
O00968,9/6/2025,C0074,P001,1,98,Gifty
O00969,11/5/2025,C0002,P006,1,1501.1,Akua
O00970,2/5/2026,C0059,P019,1,627.9,Akua
O00971,3/8/2025,C0122,P017,1,149.95,Felix
O00972,1/6/2026,C0005,P013,1,184.32,Gifty
O00973,6/10/2026,C0111,P008,1,5770.21,Felix
O00974,7/13/2026,C0155,P011,1,1222.66,Cynthia
O00975,4/1/2026,C0114,P004,3,155.51,Akua
O00976,12/27/2025,C0020,P013,1,181.59,Felix
O00977,3/9/2025,C0006,P001,1,97.49,Bernard
O00978,7/4/2026,C0137,P007,2,2294.59,Gifty
O00979,4/17/2026,C0085,P015,1,476.91,Akua
O00980,12/15/2025,C0091,P011,2,1278.46,David
O00981,8/17/2026,C0011,P007,1,2154.38,Esther
O00982,1/28/2025,C0135,P002,2,293.79,Akua
O00983,6/10/2026,C0125,P017,1,155.23,Akua
O00984,3/17/2025,C0155,P006,1,1407.08,Bernard
O00985,4/24/2026,C0170,P013,2,169.57,Gifty
O00986,6/5/2026,C0009,P019,1,627.81,Gifty
O00987,8/14/2025,C0176,P006,4,1434.54,Gifty
O00988,8/21/2026,C0118,P013,1,168.43,Esther
O00989,5/25/2025,C0049,P013,2,181.79,David
O00990,10/22/2025,C0176,P009,2,9060,Esther
O00991,6/26/2025,C0164,P002,1,300.71,David
O00992,6/19/2026,C0052,P011,5,1307.06,Henry
O00993,10/16/2025,C0028,P016,4,843.21,Akua
O00994,2/14/2026,C0044,P004,1,158.21,Bernard
O00995,8/10/2025,C0090,P019,2,709.48,Cynthia
O00996,2/9/2025,C0010,P018,1,480.48,Gifty
O00997,1/28/2026,C0076,P006,3,1347.67,Akua
O00998,3/9/2025,C0059,P007,1,2191.06,David
O00999,4/9/2025,C0071,P020,1,925.76,David
O01000,1/18/2026,C0074,P006,2,1334.95,Akua
O01001,6/24/2026,C0056,P006,2,1381.35,Henry
O01002,8/15/2026,C0081,P004,3,169.43,Akua
O01003,8/19/2026,C0096,P007,1,2151.13,Henry
O01004,8/16/2026,C0073,P006,2,1556.07,Henry
O01005,4/17/2026,C0020,P007,1,2121.26,Esther
O01006,6/14/2025,C0137,P003,1,193.62,Felix
O01007,1/9/2026,C0088,P007,4,2177.93,Felix
O01008,10/6/2025,C0062,P006,2,1526.2,David
O01009,8/31/2026,C0119,P020,1,916.83,Cynthia
O01010,7/11/2025,C0147,P012,1,2624.59,Henry
O01011,8/2/2026,C0168,P015,1,444.37,Gifty
O01012,6/14/2026,C0152,P008,1,6484.45,Akua
O01013,12/5/2025,C0065,P012,2,2502.5,Henry
O01014,2/16/2025,C0133,P011,2,1339.37,Akua
O01015,6/7/2026,C0161,P005,1,238.7,David
O01016,7/9/2026,C0080,P006,1,1528.98,Gifty
O01017,3/3/2026,C0049,P015,5,474.32,Henry
O01018,6/17/2026,C0003,P007,4,2069.36,Akua
O01019,8/24/2025,C0131,P007,1,2353.03,Akua
O01020,8/26/2025,C0053,P020,2,828.37,Felix
O01021,8/5/2025,C0140,P007,1,2260.87,David
O01022,7/31/2026,C0048,P008,2,5922.13,Akua
O01023,5/5/2025,C0052,P015,2,419.9,Gifty
O01024,12/14/2025,C0162,P008,6,6599.78,Akua
O01025,8/23/2026,C0084,P010,1,4735.29,Felix
O01026,12/23/2025,C0086,P017,1,159.95,David
O01027,3/28/2025,C0093,P016,1,869.51,Akua
O01028,10/17/2025,C0044,P008,2,6678.48,Esther
O01029,8/24/2026,C0029,P010,1,5164.82,Felix
O01030,3/20/2025,C0080,P009,3,10203.94,Felix
O01031,7/5/2025,C0009,P019,1,663.07,Felix
O01032,8/3/2026,C0157,P007,2,2362.98,Gifty
O01033,9/10/2025,C0137,P007,1,2164.22,David
O01034,1/23/2026,C0166,P015,1,414.91,Akua
O01035,5/21/2026,C0091,P009,1,9521.41,Henry
O01036,9/5/2025,C0100,P009,2,9032.89,Gifty
O01037,3/21/2025,C0143,P004,3,149.39,Bernard
O01038,12/22/2025,C0105,P004,3,158.95,Felix
O01039,6/23/2026,C0086,P020,1,953.33,David
O01040,12/13/2025,C0081,P014,3,337.88,Akua
O01041,8/8/2026,C0137,P004,1,153.22,Felix
O01042,6/7/2025,C0126,P009,1,10012.16,David
O01043,2/16/2026,C0180,P006,1,1406.23,Gifty
O01044,11/5/2025,C0171,P010,2,4716.56,Bernard
O01045,4/18/2025,C0012,P004,1,171.92,Esther
O01046,5/27/2025,C0077,P007,1,2065.97,Felix
O01047,10/15/2025,C0074,P008,1,6682.77,David
O01048,2/17/2026,C0043,P008,3,6254.45,David
O01049,11/24/2025,C0111,P010,1,4745.77,Cynthia
O01050,1/28/2026,C0020,P007,2,2236.74,Henry
O01051,12/17/2025,C0009,P006,1,1438.92,Esther
O01052,3/4/2026,C0086,P003,2,214.58,Akua
O01053,7/8/2025,C0021,P011,2,1158.81,Gifty
O01054,6/4/2025,C0174,P013,1,166.99,Cynthia
O01055,2/10/2025,C0036,P004,2,157.89,Henry
O01056,2/2/2025,C0118,P020,5,831.76,David
O01057,11/3/2025,C0033,P009,1,9185.26,Felix
O01058,8/24/2026,C0040,P010,4,4778.81,Esther
O01059,3/2/2025,C0114,P018,1,519.96,David
O01060,10/21/2025,C0022,P001,2,97.4,Cynthia
O01061,5/7/2025,C0057,P017,2,151.04,Bernard
O01062,3/5/2026,C0023,P012,3,2475.16,Esther
O01063,2/10/2025,C0036,P011,1,1175.37,Gifty
O01064,5/25/2025,C0046,P003,1,202.66,Gifty
O01065,7/12/2025,C0078,P007,1,2032.28,Esther
O01066,6/13/2025,C0049,P010,1,5056.18,Esther
O01067,9/23/2025,C0140,P010,3,4449.6,Henry
O01068,1/12/2025,C0025,P002,1,299.75,Cynthia
O01069,6/2/2026,C0004,P017,5,158.13,David
O01070,7/21/2025,C0004,P010,2,4544.37,Felix
O01071,8/31/2025,C0127,P019,3,627.41,David
O01072,3/26/2025,C0138,P010,1,4501.35,Esther
O01073,6/10/2025,C0119,P020,1,915.93,Esther
O01074,11/29/2025,C0082,P007,1,2146.79,Esther
O01075,10/16/2025,C0100,P010,2,5154.53,Esther
O01076,2/11/2025,C0099,P002,3,270.02,Gifty
O01077,10/31/2025,C0121,P006,1,1371.76,Felix
O01078,1/16/2026,C0145,P020,2,907.45,Cynthia
O01079,7/7/2026,C0111,P006,1,1380.78,Gifty
O01080,3/13/2026,C0159,P013,5,168.8,Felix
O01081,3/18/2025,C0055,P003,1,216.34,Henry
O01082,3/23/2026,C0120,P006,2,1409.74,David
O01083,9/27/2025,C0153,P015,2,456.95,Akua
O01084,6/28/2025,C0145,P019,1,731.24,Esther
O01085,5/20/2025,C0144,P014,1,325.9,Bernard
O01086,10/21/2025,C0074,P018,1,559.35,Bernard
O01087,10/13/2025,C0127,P007,3,2075.89,Gifty
O01088,3/8/2025,C0035,P007,2,2093.94,David
O01089,12/1/2025,C0111,P016,1,883.08,Gifty
O01090,2/27/2026,C0145,P006,1,1409.98,Bernard
O01091,12/28/2025,C0112,P012,3,2454.06,Esther
O01092,10/18/2025,C0112,P010,4,5000.89,Felix
O01093,2/27/2026,C0138,P019,1,696.22,Bernard
O01094,7/14/2026,C0140,P007,1,2089.84,Felix
O01095,12/26/2025,C0172,P004,2,160.41,Cynthia
O01096,2/28/2025,C0180,P008,4,6640.86,Cynthia
O01097,7/17/2025,C0157,P015,1,481.15,Gifty
O01098,4/9/2025,C0148,P014,5,319.73,Felix
O01099,8/31/2025,C0081,P017,1,150.14,Bernard
O01100,7/16/2025,C0077,P001,1,94.77,Akua
O01101,3/1/2026,C0029,P013,5,186.59,David
O01102,3/19/2025,C0109,P014,5,325.34,Cynthia
O01103,6/26/2025,C0085,P014,2,319.76,Akua
O01104,2/14/2026,C0049,P006,3,1553.56,Henry
O01105,8/23/2025,C0118,P009,2,9880.42,Esther
O01106,2/17/2025,C0107,P003,1,217.26,Gifty
O01107,3/8/2025,C0122,P001,2,102.05,Akua
O01108,9/5/2025,C0159,P008,1,5918.24,Bernard
O01109,2/25/2026,C0157,P013,1,188.48,Cynthia
O01110,3/12/2026,C0111,P006,1,1345.1,David
O01111,7/6/2025,C0070,P004,1,166.87,Henry
O01112,11/5/2025,C0027,P014,5,296.2,Akua
O01113,12/29/2025,C0154,P007,1,2150.18,David
O01114,2/21/2025,C0095,P004,1,147.27,Felix
O01115,7/16/2026,C0030,P006,1,1405.35,Akua
O01116,7/11/2026,C0153,P019,1,653.94,David
O01117,8/13/2025,C0044,P016,3,816.32,Felix
O01118,1/1/2026,C0026,P015,2,473.78,Cynthia
O01119,10/20/2025,C0056,P015,5,465.08,Henry
O01120,5/16/2025,C0131,P001,1,93.83,Akua
O01121,11/11/2025,C0058,P019,1,684.31,Felix
O01122,7/26/2025,C0104,P008,1,5876.76,David
O01123,2/1/2025,C0037,P002,5,260,Gifty
O01124,12/14/2025,C0091,P011,1,1164.64,Cynthia
O01125,6/7/2025,C0059,P010,1,4797.48,Cynthia
O01126,5/1/2025,C0069,P011,2,1238.38,Bernard
O01127,6/21/2025,C0056,P017,3,154.7,Cynthia
O01128,10/3/2025,C0028,P012,2,2747.69,Bernard
O01129,5/21/2026,C0172,P010,1,4988.86,Gifty
O01130,6/8/2025,C0027,P016,1,903.76,Henry
O01131,6/5/2025,C0152,P001,2,96.09,Henry
O01132,1/17/2025,C0044,P002,1,301.73,Akua
O01133,7/19/2025,C0045,P001,2,99,Esther
O01134,10/23/2025,C0022,P004,4,166.89,Felix
O01135,8/8/2026,C0145,P013,3,166.76,Esther
O01136,2/5/2025,C0120,P020,1,869.59,Cynthia
O01137,11/29/2025,C0153,P017,5,139.25,Cynthia
O01138,1/30/2026,C0052,P012,3,2452.35,Bernard
O01139,6/18/2025,C0087,P008,2,6254.26,Esther
O01140,7/24/2025,C0060,P017,2,142.81,Henry
O01141,11/24/2025,C0153,P008,4,6123.74,Esther
O01142,11/11/2025,C0050,P005,1,256.29,Bernard
O01143,2/22/2026,C0128,P019,1,732.57,Felix
O01144,11/19/2025,C0020,P007,2,2077.11,Gifty
O01145,2/9/2026,C0119,P014,1,345.17,Henry
O01146,3/11/2025,C0141,P015,3,478.9,Felix
O01147,1/16/2025,C0021,P019,1,647.52,Gifty
O01148,3/5/2025,C0152,P015,2,484.58,Gifty
O01149,12/29/2025,C0093,P004,5,153.91,Bernard
O01150,4/2/2026,C0179,P003,3,224.76,Felix
O01151,4/22/2026,C0037,P004,1,166.68,Esther
O01152,1/1/2025,C0172,P007,2,2078.85,Felix
O01153,11/3/2025,C0057,P003,3,210.15,David
O01154,2/25/2026,C0122,P008,4,6547.95,Felix
O01155,1/13/2025,C0115,P007,1,2274.09,Henry
O01156,5/24/2025,C0136,P020,2,843.21,Gifty
O01157,2/2/2025,C0062,P019,2,681.8,Bernard
O01158,11/14/2025,C0179,P011,3,1185.12,David
O01159,6/11/2026,C0031,P012,3,2569.9,Gifty
O01160,2/15/2025,C0138,P006,2,1438.29,Henry
O01161,1/1/2026,C0066,P011,1,1342.41,Felix
O01162,4/29/2025,C0154,P020,4,925.39,Gifty
O01163,8/26/2025,C0084,P013,2,180.57,Gifty
O01164,2/4/2026,C0153,P008,1,6581.86,David
O01165,2/6/2025,C0180,P012,1,2559.53,David
O01166,8/19/2025,C0159,P007,1,2355.9,David
O01167,8/23/2026,C0075,P009,5,10566.14,Bernard
O01168,12/26/2025,C0136,P007,1,2038.76,Henry
O01169,5/20/2026,C0141,P002,2,258.12,Henry
O01170,4/9/2025,C0116,P016,2,840.14,Henry
O01171,7/26/2025,C0174,P009,1,9605.79,Felix
O01172,8/15/2025,C0078,P007,2,2079.98,Esther
O01173,6/15/2025,C0097,P013,2,165.69,Esther
O01174,1/23/2026,C0055,P006,3,1444.39,Bernard
O01175,6/2/2025,C0111,P008,5,5843.07,Henry
O01176,12/12/2025,C0147,P020,1,912.64,Cynthia
O01177,7/4/2026,C0168,P008,1,6501.2,Akua
O01178,9/23/2025,C0164,P015,1,438.1,Cynthia
O01179,11/13/2025,C0007,P005,5,223.78,Henry
O01180,1/5/2025,C0178,P010,2,4483.07,Gifty
O01181,9/7/2025,C0128,P004,3,158.61,Esther
O01182,7/14/2026,C0058,P013,4,187.01,Cynthia
O01183,2/4/2026,C0117,P001,5,101.77,Cynthia
O01184,1/21/2025,C0021,P006,1,1560.39,Gifty
O01185,10/13/2025,C0114,P014,1,320.46,Gifty
O01186,1/8/2026,C0080,P006,5,1533.34,Cynthia
O01187,8/23/2025,C0061,P007,3,2157.1,Henry
O01188,3/30/2026,C0063,P005,1,251.83,Henry
O01189,8/20/2026,C0157,P014,2,311.83,Bernard
O01190,3/10/2025,C0133,P020,3,931.46,Bernard
O01191,11/11/2025,C0062,P010,1,4655.58,Esther
O01192,3/21/2025,C0088,P008,1,6006.21,Henry
O01193,8/15/2025,C0105,P009,2,10326.61,Akua
O01194,1/23/2025,C0082,P008,2,6258.47,Cynthia
O01195,7/31/2025,C0058,P016,1,881.09,Felix
O01196,3/8/2026,C0040,P009,1,10364.47,Akua
O01197,2/28/2025,C0170,P015,2,434.39,Esther
O01198,6/15/2026,C0081,P013,1,175.66,Esther
O01199,1/3/2025,C0091,P011,1,1345.37,Gifty
O01200,5/18/2025,C0114,P005,1,249.64,Gifty
